id,text,label,domain,difficulty,has_deadline,has_condition,has_owner,language_style,source_type,reason
hard_train_0001,"No worries at all, I will deliver the spreadsheet before our 3 PM meeting.",COMMITMENT,operations,hard,True,False,True,conversational,chat,"Conversational or idiomatic commitment expressing clear, affirmative undertaking by speaker."
hard_train_0002,We commit to reducing API response latency by 20 percent before the next release cycle.,COMMITMENT,engineering,medium,False,False,True,professional,meeting_transcript,Team-level firm undertaking binding group or department to concrete deliverable.
hard_train_0003,Quarterly OKR scoring occurs during the first week of each new quarter.,NON_COMMITMENT,executive,hard,False,False,False,professional,meeting_transcript,"General descriptive statement explaining routine, policy, or recurring schedule."
hard_train_0004,Great point about the database indexes. I will benchmark the queries and apply the migration script tonight.,COMMITMENT,engineering,hard,True,False,True,conversational,ticket,"Multi-sentence conversational message concluding with a clear, direct commitment to act."
hard_train_0005,The nightly backup job archives the database cluster at 2 AM every day.,NON_COMMITMENT,engineering,hard,True,False,False,professional,ticket,"General descriptive statement explaining routine, policy, or recurring schedule."
hard_train_0006,The library closes at 10 PM on weekdays during final exams.,NON_COMMITMENT,academic_student,hard,True,False,False,professional,chat,"General descriptive statement explaining routine, policy, or recurring schedule."
hard_train_0007,I'm locking this into my calendar and will submit the draft before tomorrow 10 AM.,COMMITMENT,academic_student,hard,True,False,True,conversational,chat,"Conversational or idiomatic commitment expressing clear, affirmative undertaking by speaker."
hard_train_0008,I will personally verify the customer refund records before closing the ticket.,COMMITMENT,operations,medium,False,False,True,professional,ticket,Direct explicit first-person commitment with concrete deliverable and timeframe.
hard_train_0009,Do not push changes directly to the main branch without approval.,NON_COMMITMENT,engineering,hard,False,True,False,conversational,ticket,Directive or imperative requesting action from others; not a speaker commitment.
hard_train_0010,There is a chance I'll stop by the bank before 4 PM today.,NON_COMMITMENT,personal_errands,hard,True,False,True,conversational,chat,Speculative or tentative statement lacking definitive commitment to act.
hard_train_0011,Can we review the sprint burndown chart together after lunch?,NON_COMMITMENT,project,hard,False,False,False,conversational,meeting_transcript,"Interrogative utterance asking a question, not an affirmative undertaking by the speaker."
hard_train_0012,Could you check if the API documentation was delivered on time?,NON_COMMITMENT,project,hard,False,False,True,conversational,ticket,"Interrogative utterance asking a question, not an affirmative undertaking by the speaker."
hard_train_0013,I am refusing to approve the budget increase without clear justification.,NON_COMMITMENT,executive,hard,False,True,True,conversational,email,"Direct negation, refusal, or statement disclaiming commitment or responsibility."
hard_train_0014,Thanks for the reminder about the tax form. I will fill it out and drop it off at the accounting office today.,COMMITMENT,personal_errands,hard,True,False,True,conversational,chat,"Multi-sentence conversational message concluding with a clear, direct commitment to act."
hard_train_0015,Customer success sends a satisfaction survey 3 days after ticket resolution.,NON_COMMITMENT,operations,hard,False,False,False,professional,email,"General descriptive statement explaining routine, policy, or recurring schedule."
hard_train_0016,I received the revised requirements from the client. I'll update the project scope spreadsheet before tomorrow noon.,COMMITMENT,project,hard,True,False,True,conversational,email,"Multi-sentence conversational message concluding with a clear, direct commitment to act."
hard_train_0017,I will complete the Docker containerization for the microservices before end of sprint.,COMMITMENT,engineering,medium,False,False,True,professional,ticket,Direct explicit first-person commitment with concrete deliverable and timeframe.
hard_train_0018,Will anyone be available to monitor the release overnight?,NON_COMMITMENT,engineering,hard,True,False,False,conversational,slack,"Interrogative utterance asking a question, not an affirmative undertaking by the speaker."
hard_train_0019,"Unless management allocates emergency budget, nobody is working on this migration.",NON_COMMITMENT,engineering,hard,False,True,False,conversational,slack,Counterfactual or unfulfilled hypothetical statement without active commitment.
hard_train_0020,I'll prepare the final budget breakdown for finance first thing tomorrow morning.,COMMITMENT,operations,medium,True,False,True,professional,slack,Direct explicit first-person commitment with concrete deliverable and timeframe.
hard_train_0021,I am going to push the performance benchmark numbers to the repository before 6 PM.,COMMITMENT,engineering,medium,True,False,True,professional,slack,Direct explicit first-person commitment with concrete deliverable and timeframe.
hard_train_0022,We are going to finalize the onboarding walkthrough slides before the customer workshop.,COMMITMENT,project,medium,False,False,True,professional,chat,Team-level firm undertaking binding group or department to concrete deliverable.
hard_train_0023,I commit to drafting the literature review section for our conference paper by Friday.,COMMITMENT,academic_student,medium,True,False,True,academic,email,Student or academic milestone commitment with concrete deliverable.
hard_train_0024,I will personally email the revised vendor agreement before 4 PM today.,COMMITMENT,sales_client,medium,True,False,True,professional,email,Direct explicit first-person commitment with concrete deliverable and timeframe.
hard_train_0025,I am definitely not going to deploy this service without peer review.,NON_COMMITMENT,engineering,hard,False,True,True,conversational,slack,"Direct negation, refusal, or statement disclaiming commitment or responsibility."
hard_train_0026,I will send you the finalized flight itinerary before I leave the office today.,COMMITMENT,personal_errands,medium,True,False,True,professional,chat,Direct explicit first-person commitment with concrete deliverable and timeframe.
hard_train_0027,"I may be able to draft a rough outline by Friday, but don't count on it.",NON_COMMITMENT,project,hard,True,False,True,conversational,slack,Speculative or tentative statement lacking definitive commitment to act.
hard_train_0028,"If the customer accepts the proposed SLA, I will draft the formal addendum by tomorrow.",COMMITMENT,sales_client,medium,True,True,True,professional,email,"Conditional commitment triggered upon condition fulfillment, promising concrete action."
hard_train_0029,All pull requests require two peer approvals before merging into main.,NON_COMMITMENT,engineering,hard,False,False,False,professional,slack,"General descriptive statement explaining routine, policy, or recurring schedule."
hard_train_0030,Taking care of the staging database cleanup right away.,COMMITMENT,engineering,hard,False,False,True,conversational,ticket,"Conversational or idiomatic commitment expressing clear, affirmative undertaking by speaker."
hard_train_0031,"As soon as the DNS propagation finishes, I will test the SSL certificate setup.",COMMITMENT,engineering,medium,False,True,True,professional,ticket,"Conditional commitment triggered upon condition fulfillment, promising concrete action."
hard_train_0032,The client requested an extra review round. I will schedule a walkthrough with them before the end of the week.,COMMITMENT,sales_client,hard,True,False,True,conversational,email,"Multi-sentence conversational message concluding with a clear, direct commitment to act."
hard_train_0033,I saw your pull request notification. I'm finishing my current task now and will review your code before 5 PM.,COMMITMENT,engineering,hard,True,False,True,conversational,slack,"Multi-sentence conversational message concluding with a clear, direct commitment to act."
hard_train_0034,I've claimed this ticket and will push the fix before the end of the sprint.,COMMITMENT,engineering,hard,False,False,True,conversational,ticket,"Conversational or idiomatic commitment expressing clear, affirmative undertaking by speaker."
hard_train_0035,Putting my name down to handle the security remediation tasks by Thursday.,COMMITMENT,engineering,hard,True,False,True,conversational,ticket,"Conversational or idiomatic commitment expressing clear, affirmative undertaking by speaker."
hard_train_0036,Client agreements are usually reviewed by legal before signing.,NON_COMMITMENT,executive,hard,False,False,False,professional,email,"General descriptive statement explaining routine, policy, or recurring schedule."
hard_train_0037,"Once the payment gateway confirms the refund, I will notify the customer via email.",COMMITMENT,operations,medium,False,True,True,professional,ticket,"Conditional commitment triggered upon condition fulfillment, promising concrete action."
hard_train_0038,Is it feasible to deliver the pricing calculator within the next two weeks?,NON_COMMITMENT,sales_client,hard,True,False,False,conversational,email,"Interrogative utterance asking a question, not an affirmative undertaking by the speaker."
hard_train_0039,"If I were in charge of DevOps, I would deploy the hotfix immediately.",NON_COMMITMENT,engineering,hard,False,True,True,conversational,slack,Counterfactual or unfulfilled hypothetical statement without active commitment.
hard_train_0040,"Assuming we get the Figma assets by noon, I'll implement the hero section tonight.",COMMITMENT,engineering,medium,True,True,True,professional,chat,"Conditional commitment triggered upon condition fulfillment, promising concrete action."
hard_train_0041,We promise to deploy the new search indexing pipeline before the weekend.,COMMITMENT,engineering,medium,True,False,True,professional,slack,Team-level firm undertaking binding group or department to concrete deliverable.
hard_train_0042,"If the security scan reports zero critical flaws, I'll approve the pull request immediately.",COMMITMENT,engineering,medium,False,True,True,professional,ticket,"Conditional commitment triggered upon condition fulfillment, promising concrete action."
hard_train_0043,Send me a copy of the quotation spreadsheet before you send it to the client.,NON_COMMITMENT,sales_client,hard,False,True,False,conversational,chat,Directive or imperative requesting action from others; not a speaker commitment.
hard_train_0044,Count on me to wrap up the API integration before the demo tomorrow.,COMMITMENT,engineering,hard,True,False,True,conversational,slack,"Conversational or idiomatic commitment expressing clear, affirmative undertaking by speaker."
hard_train_0045,I am going to deliver the customer feedback summary to the design squad by Wednesday.,COMMITMENT,project,medium,True,False,True,professional,slack,Direct explicit first-person commitment with concrete deliverable and timeframe.
hard_train_0046,I won't be present at the lab to run the overnight experiment.,NON_COMMITMENT,academic_student,hard,True,False,True,conversational,chat,"Direct negation, refusal, or statement disclaiming commitment or responsibility."
hard_train_0047,The customer reported that the system threw an error during checkout.,NON_COMMITMENT,engineering,hard,False,False,True,conversational,ticket,Third-party hearsay or report describing past/external actions rather than an active commitment.
hard_train_0048,I am definitely taking care of the customer escalation tickets before I sign off.,COMMITMENT,operations,hard,False,False,True,conversational,slack,"Conversational or idiomatic commitment expressing clear, affirmative undertaking by speaker."
hard_train_0049,I'll make sure this gets pushed before the deadline without fail.,COMMITMENT,engineering,hard,False,False,True,conversational,chat,"Conversational or idiomatic commitment expressing clear, affirmative undertaking by speaker."
hard_train_0050,I understand the team needs these assets. I'll export all high-res graphics and upload them to Drive before 4 PM.,COMMITMENT,project,hard,True,False,True,conversational,slack,"Multi-sentence conversational message concluding with a clear, direct commitment to act."
hard_train_0051,Are we still expecting Alex to upload the financial forecast today?,NON_COMMITMENT,operations,hard,True,False,True,conversational,meeting_transcript,"Interrogative utterance asking a question, not an affirmative undertaking by the speaker."
hard_train_0052,Our team is going to conduct full user acceptance testing before the client handover.,COMMITMENT,project,medium,False,True,True,professional,email,Team-level firm undertaking binding group or department to concrete deliverable.
hard_train_0053,Our support squad will maintain 15-minute response times for critical escalations.,COMMITMENT,operations,medium,False,False,True,professional,slack,Team-level firm undertaking binding group or department to concrete deliverable.
hard_train_0054,"If the contract terms had been acceptable, we would have signed yesterday.",NON_COMMITMENT,sales_client,hard,False,True,False,conversational,email,Counterfactual or unfulfilled hypothetical statement without active commitment.
hard_train_0055,Make sure you submit the group assignment before 11 PM tonight.,NON_COMMITMENT,academic_student,hard,True,False,False,conversational,chat,Directive or imperative requesting action from others; not a speaker commitment.
hard_train_0056,Arjun said he assumed someone else had updated the project timeline.,NON_COMMITMENT,project,hard,False,False,True,conversational,slack,Third-party hearsay or report describing past/external actions rather than an active commitment.
hard_train_0057,See to it that the release candidate is packaged before the freeze date.,NON_COMMITMENT,engineering,hard,False,False,False,conversational,slack,Directive or imperative requesting action from others; not a speaker commitment.
hard_train_0058,Please remind the customer about their overdue payment before Friday.,NON_COMMITMENT,sales_client,hard,True,False,False,conversational,email,Directive or imperative requesting action from others; not a speaker commitment.
hard_train_0059,I will ensure the service level agreement credits are applied to your upcoming monthly invoice.,COMMITMENT,operations,medium,False,False,True,professional,email,"Formal executive, sales, or SLA commitment binding the speaker or organization."
hard_train_0060,I will send the finalized statement of work signed by our managing director before 5 PM.,COMMITMENT,executive,medium,True,False,True,professional,email,"Formal executive, sales, or SLA commitment binding the speaker or organization."
hard_train_0061,Don't forget to attach the signed customer agreement before archiving the ticket.,NON_COMMITMENT,sales_client,hard,False,False,False,conversational,ticket,Directive or imperative requesting action from others; not a speaker commitment.
hard_train_0062,We will publish the updated developer documentation before releasing the SDK.,COMMITMENT,engineering,medium,False,True,True,professional,ticket,Team-level firm undertaking binding group or department to concrete deliverable.
hard_train_0063,I'm committing to delivering the pitch deck revisions before the investor pitch.,COMMITMENT,executive,hard,False,True,True,conversational,slack,"Conversational or idiomatic commitment expressing clear, affirmative undertaking by speaker."
hard_train_0064,I am going to meet with the teaching assistant tomorrow at 2 PM to debug our code.,COMMITMENT,academic_student,medium,True,False,True,academic,chat,Student or academic milestone commitment with concrete deliverable.
hard_train_0065,I know the staging environment has been unstable. I will rebuild the container images and verify stability tonight.,COMMITMENT,engineering,hard,True,False,True,conversational,ticket,"Multi-sentence conversational message concluding with a clear, direct commitment to act."
hard_train_0066,"If it weren't raining so heavily, I might have gone to the grocery store today.",NON_COMMITMENT,personal_errands,hard,True,True,True,conversational,chat,Counterfactual or unfulfilled hypothetical statement without active commitment.
hard_train_0067,"Once Priya uploads her chapter notes, I will compile the complete research document tonight.",COMMITMENT,academic_student,medium,True,True,True,professional,chat,"Conditional commitment triggered upon condition fulfillment, promising concrete action."
hard_train_0068,Did you see the feedback Neha posted on the wireframes?,NON_COMMITMENT,project,hard,False,False,True,conversational,slack,"Interrogative utterance asking a question, not an affirmative undertaking by the speaker."
hard_train_0069,I'm on it — will have the bug triage report ready for the team within two hours.,COMMITMENT,engineering,hard,True,False,True,conversational,slack,"Conversational or idiomatic commitment expressing clear, affirmative undertaking by speaker."
hard_train_0070,I'll try my best to see if I can finish the slide design by noon.,NON_COMMITMENT,executive,hard,True,False,True,conversational,chat,Speculative or tentative statement lacking definitive commitment to act.
hard_train_0071,Are you planning on fixing the broken CSS layout before Friday?,NON_COMMITMENT,engineering,hard,True,False,True,conversational,chat,"Interrogative utterance asking a question, not an affirmative undertaking by the speaker."
hard_train_0072,"In our team, the on-call engineer monitors the error dashboard around the clock.",NON_COMMITMENT,engineering,hard,False,False,False,professional,slack,"General descriptive statement explaining routine, policy, or recurring schedule."
hard_train_0073,"Don't stress, I'm handling the contract redlines and will send them today.",COMMITMENT,sales_client,hard,True,False,True,conversational,email,"Conversational or idiomatic commitment expressing clear, affirmative undertaking by speaker."
hard_train_0074,Chen mentioned that his team might push the release candidate on Thursday.,NON_COMMITMENT,engineering,hard,True,False,True,conversational,chat,Third-party hearsay or report describing past/external actions rather than an active commitment.
hard_train_0075,I'll take the lead on this and deliver the architecture draft before Friday.,COMMITMENT,engineering,hard,True,False,True,conversational,meeting_transcript,"Conversational or idiomatic commitment expressing clear, affirmative undertaking by speaker."
hard_train_0076,"Once you send over the raw CSV data, I'll generate the visualization charts within two hours.",COMMITMENT,project,medium,True,True,True,professional,chat,"Conditional commitment triggered upon condition fulfillment, promising concrete action."
hard_train_0077,Did Elena confirm whether she will submit the lab report before midnight?,NON_COMMITMENT,academic_student,hard,True,False,True,conversational,chat,"Interrogative utterance asking a question, not an affirmative undertaking by the speaker."
hard_train_0078,I might try to look over the financial forecast tomorrow if my schedule clears up.,NON_COMMITMENT,operations,hard,True,True,True,conversational,chat,Speculative or tentative statement lacking definitive commitment to act.
hard_train_0079,Please update the Jira status once you finish the code review.,NON_COMMITMENT,project,hard,False,True,False,conversational,chat,Directive or imperative requesting action from others; not a speaker commitment.
hard_train_0080,Did you already finish updating the database migration scripts?,NON_COMMITMENT,engineering,hard,False,False,True,conversational,chat,"Interrogative utterance asking a question, not an affirmative undertaking by the speaker."
hard_train_0081,Thank you for reviewing the wireframes. I'll refine the checkout interaction and update the Figma file by tomorrow.,COMMITMENT,project,hard,True,False,True,conversational,ticket,"Multi-sentence conversational message concluding with a clear, direct commitment to act."
hard_train_0082,Should I wait for your approval before emailing the client?,NON_COMMITMENT,sales_client,hard,False,True,True,conversational,email,"Interrogative utterance asking a question, not an affirmative undertaking by the speaker."
hard_train_0083,I refuse to sign off on the production deployment until load testing passes.,NON_COMMITMENT,engineering,hard,False,True,True,conversational,ticket,"Direct negation, refusal, or statement disclaiming commitment or responsibility."
hard_train_0084,We need to submit the grant application soon. I will draft the executive narrative and send it to you by Tuesday.,COMMITMENT,academic_student,hard,True,False,True,conversational,email,"Multi-sentence conversational message concluding with a clear, direct commitment to act."
hard_train_0085,"Had the client replied earlier, I would have sent the proposal this morning.",NON_COMMITMENT,sales_client,hard,True,True,True,conversational,email,Counterfactual or unfulfilled hypothetical statement without active commitment.
hard_train_0086,I will draft and publish the post-incident review document by Friday noon.,COMMITMENT,engineering,medium,True,False,True,professional,ticket,Direct explicit first-person commitment with concrete deliverable and timeframe.
hard_train_0087,I will provide your procurement team with a revised formal quotation by 2 PM.,COMMITMENT,sales_client,medium,True,False,True,professional,email,"Formal executive, sales, or SLA commitment binding the speaker or organization."
hard_train_0088,I am going to push the hotfix for the broken navigation bar before lunch today.,COMMITMENT,engineering,medium,True,False,True,professional,slack,Direct explicit first-person commitment with concrete deliverable and timeframe.
hard_train_0089,I heard from Sneha that the offshore team is delivering the patch tomorrow.,NON_COMMITMENT,engineering,hard,True,False,True,conversational,chat,Third-party hearsay or report describing past/external actions rather than an active commitment.
hard_train_0090,Alex informed us that the marketing agency will provide the assets next week.,NON_COMMITMENT,operations,hard,True,False,True,conversational,email,Third-party hearsay or report describing past/external actions rather than an active commitment.
hard_train_0091,I am going to deliver the sprint retrospective summary before tomorrow's all-hands.,COMMITMENT,project,medium,True,False,True,professional,chat,Direct explicit first-person commitment with concrete deliverable and timeframe.
hard_train_0092,There's a slight chance I can attend the demo and provide feedback tonight.,NON_COMMITMENT,engineering,hard,True,False,True,conversational,chat,Speculative or tentative statement lacking definitive commitment to act.
hard_train_0093,I might get a chance to inspect the crash logs before heading out.,NON_COMMITMENT,engineering,hard,False,False,True,conversational,chat,Speculative or tentative statement lacking definitive commitment to act.
hard_train_0094,I am not available to work on the capstone presentation this evening.,NON_COMMITMENT,academic_student,hard,True,False,True,conversational,chat,"Direct negation, refusal, or statement disclaiming commitment or responsibility."
hard_train_0095,I cannot sign the vendor contract without legal review.,NON_COMMITMENT,executive,hard,False,True,True,conversational,email,"Direct negation, refusal, or statement disclaiming commitment or responsibility."
hard_train_0096,"Unless someone steps up to lead the squad, this feature will sit in backlog.",NON_COMMITMENT,project,hard,False,True,False,conversational,slack,Counterfactual or unfulfilled hypothetical statement without active commitment.
hard_train_0097,I am going to conduct the candidate technical interview at 3 PM as scheduled.,COMMITMENT,operations,medium,True,False,True,professional,slack,Direct explicit first-person commitment with concrete deliverable and timeframe.
hard_train_0098,Why was the database backup script disabled during the maintenance window?,NON_COMMITMENT,engineering,hard,False,False,False,conversational,ticket,"Interrogative utterance asking a question, not an affirmative undertaking by the speaker."
hard_train_0099,I will complete the math problem set and submit the PDF before tomorrow's class.,COMMITMENT,academic_student,medium,True,False,True,academic,chat,Student or academic milestone commitment with concrete deliverable.
hard_train_0100,I will deliver the quarterly executive summary to the board of directors by Thursday 9 AM.,COMMITMENT,executive,medium,True,False,True,professional,email,"Formal executive, sales, or SLA commitment binding the speaker or organization."
hard_train_0101,I will ensure your data migration is completed with zero downtime by our engineering team.,COMMITMENT,sales_client,medium,False,False,True,professional,email,"Formal executive, sales, or SLA commitment binding the speaker or organization."
hard_train_0102,Our infrastructure team commits to maintaining 99.9% uptime during the migration window.,COMMITMENT,engineering,medium,False,False,True,professional,ticket,Team-level firm undertaking binding group or department to concrete deliverable.
hard_train_0103,I'm not sending any emails to the client until management confirms our position.,NON_COMMITMENT,sales_client,hard,False,True,True,conversational,slack,"Direct negation, refusal, or statement disclaiming commitment or responsibility."
hard_train_0104,Have we decided who is presenting the project timeline to stakeholders?,NON_COMMITMENT,project,hard,False,False,False,conversational,meeting_transcript,"Interrogative utterance asking a question, not an affirmative undertaking by the speaker."
hard_train_0105,"Consider it done, I'll send the client deck before 5 PM.",COMMITMENT,executive,hard,True,False,True,conversational,chat,"Conversational or idiomatic commitment expressing clear, affirmative undertaking by speaker."
hard_train_0106,The contract redlines are mostly acceptable. I'll make the final legal tweaks and email the counter-proposal today.,COMMITMENT,sales_client,hard,True,False,True,conversational,email,"Multi-sentence conversational message concluding with a clear, direct commitment to act."
hard_train_0107,"Were I available this evening, I would happily help you review the paper draft.",NON_COMMITMENT,academic_student,hard,True,True,True,conversational,chat,Counterfactual or unfulfilled hypothetical statement without active commitment.
hard_train_0108,No way am I taking ownership of the customer refund backlog.,NON_COMMITMENT,operations,hard,False,False,True,conversational,chat,"Direct negation, refusal, or statement disclaiming commitment or responsibility."
hard_train_0109,Sneha said she believes the invoice was paid last week.,NON_COMMITMENT,operations,hard,False,False,True,conversational,email,Third-party hearsay or report describing past/external actions rather than an active commitment.
hard_train_0110,I'll submit our capstone research methodology section to the professor tonight.,COMMITMENT,academic_student,medium,True,False,True,professional,email,Direct explicit first-person commitment with concrete deliverable and timeframe.
hard_train_0111,Can you find out if the client signed the NDA?,NON_COMMITMENT,sales_client,hard,False,False,True,conversational,email,"Interrogative utterance asking a question, not an affirmative undertaking by the speaker."
hard_train_0112,When do you think the client presentation will be ready?,NON_COMMITMENT,sales_client,hard,False,False,True,conversational,chat,"Interrogative utterance asking a question, not an affirmative undertaking by the speaker."
hard_train_0113,Do you know who will handle the customer escalations tonight?,NON_COMMITMENT,operations,hard,True,False,False,conversational,slack,"Interrogative utterance asking a question, not an affirmative undertaking by the speaker."
hard_train_0114,Our department will ensure all employees complete compliance training before month-end.,COMMITMENT,operations,medium,True,False,True,professional,email,Team-level firm undertaking binding group or department to concrete deliverable.
hard_train_0115,I'll summarize the three research papers and email my notes to the study group tonight.,COMMITMENT,academic_student,medium,True,False,True,academic,email,Student or academic milestone commitment with concrete deliverable.
hard_train_0116,"Trust me on this, I'll have the hotfix merged before the staging run at 4 PM.",COMMITMENT,engineering,hard,True,False,True,conversational,chat,"Conversational or idiomatic commitment expressing clear, affirmative undertaking by speaker."
hard_train_0117,Are we required to submit the capstone proposal by 5 PM today?,NON_COMMITMENT,academic_student,hard,True,False,False,conversational,slack,"Interrogative utterance asking a question, not an affirmative undertaking by the speaker."
hard_train_0118,"Assuming finance clears the invoice, I will send the software license keys to the client today.",COMMITMENT,operations,medium,True,True,True,professional,email,"Conditional commitment triggered upon condition fulfillment, promising concrete action."
hard_train_0119,I think I could possibly draft the release announcement tomorrow.,NON_COMMITMENT,project,hard,True,False,True,conversational,chat,Speculative or tentative statement lacking definitive commitment to act.
hard_train_0120,I will deploy the database index optimizations tonight during the maintenance window.,COMMITMENT,engineering,medium,True,False,True,professional,slack,Direct explicit first-person commitment with concrete deliverable and timeframe.
hard_train_0121,"Once the contract is fully executed, I will circulate copies to all executive stakeholders.",COMMITMENT,executive,medium,False,True,True,professional,email,"Conditional commitment triggered upon condition fulfillment, promising concrete action."
hard_train_0122,I know you're blocked on the schema design. I will finish drafting the tables and ping you within the hour.,COMMITMENT,engineering,hard,True,False,True,conversational,chat,"Multi-sentence conversational message concluding with a clear, direct commitment to act."
hard_train_0123,"If QA gives the green light by 3 PM, I will push the release candidate to production tonight.",COMMITMENT,engineering,medium,True,True,True,professional,slack,"Conditional commitment triggered upon condition fulfillment, promising concrete action."
hard_train_0124,I won't be able to pick up the dry cleaning before the shop closes.,NON_COMMITMENT,personal_errands,hard,False,False,True,conversational,chat,"Direct negation, refusal, or statement disclaiming commitment or responsibility."
hard_train_0125,"Maybe Sneha will send the spreadsheet, but she wasn't certain.",NON_COMMITMENT,operations,hard,False,False,True,conversational,slack,Speculative or tentative statement lacking definitive commitment to act.
hard_train_0126,I'll deliver the revised pricing proposal to the enterprise prospect before EOD.,COMMITMENT,sales_client,medium,True,False,True,professional,slack,Direct explicit first-person commitment with concrete deliverable and timeframe.
hard_train_0127,I know the sprint ends tomorrow. I am committed to completing the rest of my tickets before the sprint review.,COMMITMENT,project,hard,True,False,True,conversational,slack,"Multi-sentence conversational message concluding with a clear, direct commitment to act."
hard_train_0128,"Provided we get stakeholder sign-off today, I will start development on the feature tomorrow morning.",COMMITMENT,project,medium,True,True,True,professional,meeting_transcript,"Conditional commitment triggered upon condition fulfillment, promising concrete action."
hard_train_0129,I never promised to finish the frontend integration by Wednesday.,NON_COMMITMENT,engineering,hard,True,False,True,conversational,meeting_transcript,"Direct negation, refusal, or statement disclaiming commitment or responsibility."
hard_train_0130,We will audit all cloud storage buckets and restrict public access before Thursday.,COMMITMENT,engineering,medium,True,False,True,professional,slack,Team-level firm undertaking binding group or department to concrete deliverable.
hard_train_0131,Make sure the client proposal includes our standard terms and conditions.,NON_COMMITMENT,sales_client,hard,False,False,False,conversational,email,Directive or imperative requesting action from others; not a speaker commitment.
hard_train_0132,"Provided finance releases the voucher, I'll process the vendor payment before end of day.",COMMITMENT,operations,medium,True,True,True,professional,email,"Conditional commitment triggered upon condition fulfillment, promising concrete action."
hard_train_0133,Did you manage to review the revised slide deck for tomorrow's demo?,NON_COMMITMENT,executive,hard,True,False,True,conversational,chat,"Interrogative utterance asking a question, not an affirmative undertaking by the speaker."
hard_train_0134,Can you please follow up with the logistics vendor regarding the tracking number?,NON_COMMITMENT,operations,hard,False,False,False,conversational,email,Directive or imperative requesting action from others; not a speaker commitment.
hard_train_0135,I'll deliver the comprehensive cybersecurity compliance report to your auditors before Monday.,COMMITMENT,engineering,medium,True,False,True,professional,email,"Formal executive, sales, or SLA commitment binding the speaker or organization."
hard_train_0136,I haven't committed to reviewing Arjun's pull request today.,NON_COMMITMENT,engineering,hard,True,False,True,conversational,slack,"Direct negation, refusal, or statement disclaiming commitment or responsibility."
hard_train_0137,I am going to send the signed nondisclosure agreement to their legal team by 3 PM.,COMMITMENT,sales_client,medium,True,False,True,professional,email,Direct explicit first-person commitment with concrete deliverable and timeframe.
hard_train_0138,We have decided not to roll out the updated UI this week.,NON_COMMITMENT,project,hard,True,False,False,conversational,slack,"Direct negation, refusal, or statement disclaiming commitment or responsibility."
hard_train_0139,Neha told the team that Vikram had already submitted the report.,NON_COMMITMENT,operations,hard,False,False,True,conversational,slack,Third-party hearsay or report describing past/external actions rather than an active commitment.
hard_train_0140,I'll deliver the sprint burndown analysis to the engineering director by Friday EOD.,COMMITMENT,project,medium,True,False,True,professional,slack,Direct explicit first-person commitment with concrete deliverable and timeframe.
hard_train_0141,Has anyone started drafting the customer refund policy yet?,NON_COMMITMENT,operations,hard,False,False,False,conversational,slack,"Interrogative utterance asking a question, not an affirmative undertaking by the speaker."
hard_train_0142,The contractor stated they had completed the initial phase of the audit.,NON_COMMITMENT,executive,hard,False,False,True,conversational,email,Third-party hearsay or report describing past/external actions rather than an active commitment.
hard_train_0143,"If we had more headcount, we could have finalized the mobile wireframes this week.",NON_COMMITMENT,project,hard,True,True,False,conversational,meeting_transcript,Counterfactual or unfulfilled hypothetical statement without active commitment.
hard_train_0144,I'll run the machine learning model training overnight and share the accuracy graphs tomorrow.,COMMITMENT,academic_student,medium,True,False,True,academic,slack,Student or academic milestone commitment with concrete deliverable.
hard_train_0145,Are you free to help write the unit test suite over the weekend?,NON_COMMITMENT,academic_student,hard,True,False,True,conversational,chat,"Interrogative utterance asking a question, not an affirmative undertaking by the speaker."
hard_train_0146,"You have my word, I will send the revised quote before 4 PM today.",COMMITMENT,sales_client,hard,True,False,True,conversational,email,"Conversational or idiomatic commitment expressing clear, affirmative undertaking by speaker."
hard_train_0147,I'm locking myself in to finish the test automation suite by Monday morning.,COMMITMENT,engineering,hard,True,False,True,conversational,chat,"Conversational or idiomatic commitment expressing clear, affirmative undertaking by speaker."
hard_train_0148,Do you think Priya can finish the wireframes before Monday morning?,NON_COMMITMENT,project,hard,True,False,True,conversational,slack,"Interrogative utterance asking a question, not an affirmative undertaking by the speaker."
hard_train_0149,The numbers look mostly solid. I'll make the requested adjustments to the pitch deck and email the new version today.,COMMITMENT,executive,hard,True,False,True,conversational,email,"Multi-sentence conversational message concluding with a clear, direct commitment to act."
hard_train_0150,We will definitely not finish the entire migration within this sprint.,NON_COMMITMENT,engineering,hard,False,False,False,conversational,meeting_transcript,"Direct negation, refusal, or statement disclaiming commitment or responsibility."
hard_train_0151,I talked with the designer about the color tokens. I'll update the frontend theme and open a PR by Thursday.,COMMITMENT,engineering,hard,True,False,True,conversational,slack,"Multi-sentence conversational message concluding with a clear, direct commitment to act."
hard_train_0152,Thanks for clarifying the user story requirements. I will start the implementation and have a draft PR ready tomorrow.,COMMITMENT,engineering,hard,True,False,True,conversational,slack,"Multi-sentence conversational message concluding with a clear, direct commitment to act."
hard_train_0153,Be sure to back up the Postgres database before applying the schema changes.,NON_COMMITMENT,engineering,hard,False,True,False,conversational,ticket,Directive or imperative requesting action from others; not a speaker commitment.
hard_train_0154,I will record my 5-minute portion of our team video presentation by Friday noon.,COMMITMENT,academic_student,medium,True,False,True,academic,chat,Student or academic milestone commitment with concrete deliverable.
hard_train_0155,Can we get an extension on the project deliverable deadline?,NON_COMMITMENT,academic_student,hard,False,False,False,conversational,email,"Interrogative utterance asking a question, not an affirmative undertaking by the speaker."
hard_train_0156,I think the team might deploy the patch sometime before Friday.,NON_COMMITMENT,engineering,hard,True,False,False,conversational,meeting_transcript,Speculative or tentative statement lacking definitive commitment to act.
hard_train_0157,I'll submit the distributed systems lab report to the portal before 11:59 PM tonight.,COMMITMENT,academic_student,medium,True,False,True,academic,chat,Student or academic milestone commitment with concrete deliverable.
hard_train_0158,I will configure the Redis caching layer on staging before the QA team starts testing.,COMMITMENT,engineering,medium,False,True,True,professional,slack,Direct explicit first-person commitment with concrete deliverable and timeframe.
hard_train_0159,Please deliver the revised budget spreadsheet to finance by Wednesday noon.,NON_COMMITMENT,operations,hard,True,False,False,conversational,email,Directive or imperative requesting action from others; not a speaker commitment.
hard_train_0160,I am not promising any delivery date until the vendor ships the parts.,NON_COMMITMENT,operations,hard,False,True,True,conversational,email,"Direct negation, refusal, or statement disclaiming commitment or responsibility."
hard_train_0161,We are not committing to any deadlines until the requirements are locked down.,NON_COMMITMENT,project,hard,False,True,False,conversational,meeting_transcript,"Direct negation, refusal, or statement disclaiming commitment or responsibility."
hard_train_0162,I'll jump on this immediately and have the wireframes ready by tomorrow morning.,COMMITMENT,project,hard,True,False,True,conversational,chat,"Conversational or idiomatic commitment expressing clear, affirmative undertaking by speaker."
hard_train_0163,We discussed this in the sync earlier. I will draft the RFC and share the link with the team by Thursday EOD.,COMMITMENT,engineering,hard,True,False,True,conversational,slack,"Multi-sentence conversational message concluding with a clear, direct commitment to act."
hard_train_0164,Kindly provide feedback on the draft proposal by tomorrow afternoon.,NON_COMMITMENT,sales_client,hard,True,False,False,conversational,email,Directive or imperative requesting action from others; not a speaker commitment.
hard_train_0165,We will not be submitting the vendor RFP response this quarter.,NON_COMMITMENT,sales_client,hard,False,False,False,conversational,email,"Direct negation, refusal, or statement disclaiming commitment or responsibility."
hard_train_0166,I commit to resolving all critical Sentry errors before tomorrow's launch.,COMMITMENT,engineering,medium,True,False,True,professional,slack,Direct explicit first-person commitment with concrete deliverable and timeframe.
hard_train_0167,I may be available to glance over the test plan during lunch.,NON_COMMITMENT,engineering,hard,False,False,True,conversational,slack,Speculative or tentative statement lacking definitive commitment to act.
hard_train_0168,I will upload the high-fidelity mockups to Figma before end of day Wednesday.,COMMITMENT,project,medium,True,False,True,professional,ticket,Direct explicit first-person commitment with concrete deliverable and timeframe.
hard_train_0169,Sprint retrospectives are held bi-weekly on alternating Thursdays.,NON_COMMITMENT,project,hard,False,False,False,professional,slack,"General descriptive statement explaining routine, policy, or recurring schedule."
hard_train_0170,Ensure that the release notes are circulated to all stakeholders by tomorrow.,NON_COMMITMENT,project,hard,True,False,False,conversational,slack,Directive or imperative requesting action from others; not a speaker commitment.
hard_train_0171,Our product owner said the feature rollout was scheduled for next sprint.,NON_COMMITMENT,project,hard,False,False,True,conversational,slack,Third-party hearsay or report describing past/external actions rather than an active commitment.
hard_train_0172,I understand your concern about code quality. I will write comprehensive unit tests for this module before merging.,COMMITMENT,engineering,hard,False,True,True,conversational,ticket,"Multi-sentence conversational message concluding with a clear, direct commitment to act."
hard_train_0173,"Leave it to me, I'll compile the customer survey results before Friday.",COMMITMENT,project,hard,True,False,True,conversational,slack,"Conversational or idiomatic commitment expressing clear, affirmative undertaking by speaker."
hard_train_0174,"If Neha approves the budget estimate, I'll issue the purchase order before tomorrow noon.",COMMITMENT,operations,medium,True,True,True,professional,slack,"Conditional commitment triggered upon condition fulfillment, promising concrete action."
hard_train_0175,"If the backend API is ready by Thursday, I will wire up the dashboard UI before the sprint demo.",COMMITMENT,engineering,medium,True,True,True,professional,slack,"Conditional commitment triggered upon condition fulfillment, promising concrete action."
hard_train_0176,I am going to audit our cloud spending and present cost reduction recommendations on Monday.,COMMITMENT,executive,medium,True,False,True,professional,meeting_transcript,Direct explicit first-person commitment with concrete deliverable and timeframe.
hard_train_0177,I will ensure the automated backup script is restored before the night shift.,COMMITMENT,engineering,hard,False,True,True,conversational,slack,"Conversational or idiomatic commitment expressing clear, affirmative undertaking by speaker."
hard_train_0178,I am going to review the Master Services Agreement redlines before noon tomorrow.,COMMITMENT,sales_client,medium,True,False,True,professional,email,Direct explicit first-person commitment with concrete deliverable and timeframe.
hard_train_0179,The professor announced that the TA will grade the lab submissions by Friday.,NON_COMMITMENT,academic_student,hard,True,False,True,conversational,slack,Third-party hearsay or report describing past/external actions rather than an active commitment.
hard_train_0180,I think I can probably send the receipt once I find where it saved.,NON_COMMITMENT,personal_errands,hard,False,True,True,conversational,chat,Speculative or tentative statement lacking definitive commitment to act.
hard_train_0181,I won't fix this bug until you provide a reproducible test case.,NON_COMMITMENT,engineering,hard,False,True,True,conversational,ticket,"Direct negation, refusal, or statement disclaiming commitment or responsibility."
hard_train_0182,Please coordinate with the security auditor to grant them sandbox access.,NON_COMMITMENT,engineering,hard,False,False,False,conversational,email,Directive or imperative requesting action from others; not a speaker commitment.
hard_train_0183,We could perhaps schedule a follow-up call next Tuesday.,NON_COMMITMENT,sales_client,hard,True,False,False,conversational,email,Speculative or tentative statement lacking definitive commitment to act.
hard_train_0184,I'm aware of the impending audit deadline. I will ensure all compliance documentation is uploaded before Friday.,COMMITMENT,operations,hard,True,False,True,conversational,slack,"Multi-sentence conversational message concluding with a clear, direct commitment to act."
hard_train_0185,Perhaps I can join the customer troubleshooting session for 10 minutes.,NON_COMMITMENT,sales_client,hard,False,False,True,conversational,slack,Speculative or tentative statement lacking definitive commitment to act.
hard_train_0186,Forward the invoice breakdown to accounting when you receive it.,NON_COMMITMENT,operations,hard,False,True,False,conversational,chat,Directive or imperative requesting action from others; not a speaker commitment.
hard_train_0187,Can you check with finance whether the vendor payment cleared?,NON_COMMITMENT,operations,hard,False,False,True,conversational,slack,"Interrogative utterance asking a question, not an affirmative undertaking by the speaker."
hard_train_0188,I might have an hour to dedicate to the thesis bibliography tonight.,NON_COMMITMENT,academic_student,hard,True,False,True,conversational,chat,Speculative or tentative statement lacking definitive commitment to act.
hard_train_0189,I'm going to finish writing Chapter 4 of our capstone thesis by Sunday evening.,COMMITMENT,academic_student,medium,True,False,True,academic,slack,Student or academic milestone commitment with concrete deliverable.
hard_train_0190,I'll consider helping with the migration if nothing else catches fire.,NON_COMMITMENT,engineering,hard,False,True,True,conversational,slack,Speculative or tentative statement lacking definitive commitment to act.
hard_train_0191,"If you can confirm the headcount requirements, I will publish the job descriptions before Friday.",COMMITMENT,operations,medium,True,True,True,professional,email,"Conditional commitment triggered upon condition fulfillment, promising concrete action."
hard_train_0192,Ensure the customer receives an automated confirmation email upon payment.,NON_COMMITMENT,operations,hard,False,False,False,conversational,ticket,Directive or imperative requesting action from others; not a speaker commitment.
hard_train_0193,I'll compile and distribute the weekly operations KPI dashboard by Monday morning.,COMMITMENT,operations,medium,True,False,True,professional,email,Direct explicit first-person commitment with concrete deliverable and timeframe.
hard_train_0194,John mentioned that the backend team had already deployed the fix.,NON_COMMITMENT,engineering,hard,False,False,True,conversational,slack,Third-party hearsay or report describing past/external actions rather than an active commitment.
hard_train_0195,I am not going to send the preliminary numbers to the board.,NON_COMMITMENT,executive,hard,False,False,True,conversational,chat,"Direct negation, refusal, or statement disclaiming commitment or responsibility."
hard_train_0196,"Rest easy, I'll take care of updating the DNS records tonight.",COMMITMENT,engineering,hard,True,False,True,conversational,ticket,"Conversational or idiomatic commitment expressing clear, affirmative undertaking by speaker."
hard_train_0197,"As soon as the client deposits the initial retainer, I will begin the architecture phase.",COMMITMENT,sales_client,medium,False,True,True,professional,email,"Conditional commitment triggered upon condition fulfillment, promising concrete action."
hard_train_0198,I understand the client is waiting. I will call their procurement lead before 4 PM today to clarify the terms.,COMMITMENT,sales_client,hard,True,False,True,conversational,email,"Multi-sentence conversational message concluding with a clear, direct commitment to act."
hard_train_0199,I'll write the integration tests for the Stripe webhook endpoints tonight.,COMMITMENT,engineering,medium,True,False,True,professional,ticket,Direct explicit first-person commitment with concrete deliverable and timeframe.
hard_train_0200,We promise to provide weekly status updates to all project stakeholders every Friday.,COMMITMENT,project,medium,True,False,True,professional,email,Team-level firm undertaking binding group or department to concrete deliverable.
hard_train_0201,We will present the quarterly financial review to executive leadership on Monday morning.,COMMITMENT,operations,medium,True,False,True,professional,meeting_transcript,Team-level firm undertaking binding group or department to concrete deliverable.
hard_train_0202,Our squad will deliver the revised sprint estimates by tomorrow at 10 AM.,COMMITMENT,project,medium,True,False,True,professional,slack,Team-level firm undertaking binding group or department to concrete deliverable.
hard_train_0203,Please upload the recorded user testing session to the shared drive.,NON_COMMITMENT,project,hard,False,False,False,conversational,ticket,Directive or imperative requesting action from others; not a speaker commitment.
hard_train_0204,"As soon as my flight lands, I will email the revised slide deck to the board.",COMMITMENT,executive,medium,False,True,True,professional,email,"Conditional commitment triggered upon condition fulfillment, promising concrete action."
hard_train_0205,Our engineering department deploys microservice updates every Tuesday morning.,NON_COMMITMENT,engineering,hard,False,False,False,professional,slack,"General descriptive statement explaining routine, policy, or recurring schedule."
hard_train_0206,I'll send you the apartment lease agreement scanned copy before 2 PM today.,COMMITMENT,personal_errands,medium,True,False,True,professional,chat,Direct explicit first-person commitment with concrete deliverable and timeframe.
hard_train_0207,I noticed the broken unit tests on main. I will investigate the root cause and push a fix before 2 PM.,COMMITMENT,engineering,hard,True,False,True,conversational,slack,"Multi-sentence conversational message concluding with a clear, direct commitment to act."
hard_train_0208,"I'm doubtful I can deliver the presentation by tomorrow, but I might try.",NON_COMMITMENT,executive,hard,True,False,True,conversational,email,Speculative or tentative statement lacking definitive commitment to act.
hard_train_0209,Make sure to push your branch and open a PR before taking off today.,NON_COMMITMENT,engineering,hard,True,False,False,conversational,slack,Directive or imperative requesting action from others; not a speaker commitment.
hard_train_0210,Do you want me to forward the code review comments to David?,NON_COMMITMENT,engineering,hard,False,False,True,conversational,slack,"Interrogative utterance asking a question, not an affirmative undertaking by the speaker."
hard_train_0211,I commit to providing a dedicated customer success engineer for your account starting next month.,COMMITMENT,sales_client,medium,True,False,True,professional,email,"Formal executive, sales, or SLA commitment binding the speaker or organization."
hard_train_0212,I see that the regression suite uncovered two bugs. I will fix both issues and trigger a rebuild before 7 PM.,COMMITMENT,engineering,hard,True,False,True,conversational,ticket,"Multi-sentence conversational message concluding with a clear, direct commitment to act."
hard_train_0213,We will organize the customer focus group session before the end of the sprint.,COMMITMENT,project,medium,False,False,True,professional,meeting_transcript,Team-level firm undertaking binding group or department to concrete deliverable.
hard_train_0214,Should we prepare the pitch deck before meeting the investors tomorrow?,NON_COMMITMENT,executive,hard,True,False,False,conversational,chat,"Interrogative utterance asking a question, not an affirmative undertaking by the speaker."
hard_train_0215,I will make certain that the vendor receives the signed contract before 3 PM.,COMMITMENT,operations,hard,True,False,True,conversational,email,"Conversational or idiomatic commitment expressing clear, affirmative undertaking by speaker."
hard_train_0216,Team standups run from 9:30 AM to 9:45 AM every weekday.,NON_COMMITMENT,project,hard,True,False,False,professional,chat,"General descriptive statement explaining routine, policy, or recurring schedule."
hard_train_0217,I could potentially help you with the grocery run later today.,NON_COMMITMENT,personal_errands,hard,True,False,True,conversational,chat,Speculative or tentative statement lacking definitive commitment to act.
hard_train_0218,I might be free to check the test results tomorrow afternoon.,NON_COMMITMENT,academic_student,hard,True,False,True,conversational,chat,Speculative or tentative statement lacking definitive commitment to act.
hard_train_0219,Could someone take a look at the checkout service error logs?,NON_COMMITMENT,engineering,hard,False,False,False,conversational,ticket,"Interrogative utterance asking a question, not an affirmative undertaking by the speaker."
hard_train_0220,I could possibly prepare a summary if the manager explicitly asks for it.,NON_COMMITMENT,operations,hard,False,True,True,conversational,chat,Speculative or tentative statement lacking definitive commitment to act.
hard_train_0221,We will deliver the updated sprint backlog spreadsheet to the director by tomorrow noon.,COMMITMENT,project,medium,True,False,True,professional,slack,Team-level firm undertaking binding group or department to concrete deliverable.
hard_train_0222,Has the client accepted the proposed milestone dates?,NON_COMMITMENT,sales_client,hard,False,False,False,conversational,meeting_transcript,"Interrogative utterance asking a question, not an affirmative undertaking by the speaker."
hard_train_0223,Would it be possible for you to share the deck before our 10 AM sync?,NON_COMMITMENT,executive,hard,True,False,True,conversational,email,"Interrogative utterance asking a question, not an affirmative undertaking by the speaker."
hard_train_0224,I won't be preparing the sprint retrospective slides for this iteration.,NON_COMMITMENT,project,hard,False,False,True,conversational,chat,"Direct negation, refusal, or statement disclaiming commitment or responsibility."
hard_train_0225,I'll see this through and guarantee the invoice breakdown is delivered today.,COMMITMENT,operations,hard,True,False,True,conversational,chat,"Conversational or idiomatic commitment expressing clear, affirmative undertaking by speaker."
hard_train_0226,"Once the data migration finishes, I will validate the user table integrity before 10 AM.",COMMITMENT,engineering,medium,True,True,True,professional,slack,"Conditional commitment triggered upon condition fulfillment, promising concrete action."
hard_train_0227,I cannot guarantee that the bug will be resolved before the release.,NON_COMMITMENT,engineering,hard,False,False,True,conversational,slack,"Direct negation, refusal, or statement disclaiming commitment or responsibility."
hard_train_0228,I promise to look through your thesis draft and add inline comments by Sunday evening.,COMMITMENT,academic_student,medium,True,False,True,professional,chat,Direct explicit first-person commitment with concrete deliverable and timeframe.
hard_train_0229,I will personally guarantee that your support tickets receive senior engineering escalation within one hour.,COMMITMENT,sales_client,medium,True,False,True,professional,email,"Formal executive, sales, or SLA commitment binding the speaker or organization."
hard_train_0230,"According to Priya, the sales team was supposed to send the updated pricing yesterday.",NON_COMMITMENT,sales_client,hard,False,False,True,conversational,chat,Third-party hearsay or report describing past/external actions rather than an active commitment.
hard_train_0231,The customer requested custom onboarding documentation. I will write the walkthrough guide and share it before Wednesday.,COMMITMENT,operations,hard,True,False,True,conversational,email,"Multi-sentence conversational message concluding with a clear, direct commitment to act."
hard_train_0232,I will send the team the updated architectural diagram before the design sync at 2 PM.,COMMITMENT,engineering,medium,True,False,True,professional,chat,Direct explicit first-person commitment with concrete deliverable and timeframe.
hard_train_0233,I understand the importance of this enterprise deal. I will ensure our solutions architect replies to their RFP by Monday.,COMMITMENT,sales_client,hard,True,False,True,conversational,email,"Multi-sentence conversational message concluding with a clear, direct commitment to act."
hard_train_0234,I might be able to clean up the repository branches over the weekend.,NON_COMMITMENT,engineering,hard,True,False,True,conversational,slack,Speculative or tentative statement lacking definitive commitment to act.
hard_train_0235,We may or may not push the update depending on QA feedback.,NON_COMMITMENT,engineering,hard,False,True,False,conversational,slack,Speculative or tentative statement lacking definitive commitment to act.
hard_train_0236,It's possible we will look into adding that feature in a future sprint.,NON_COMMITMENT,project,hard,False,False,False,conversational,ticket,Speculative or tentative statement lacking definitive commitment to act.
hard_train_0237,I am taking full responsibility for finishing the thesis literature review by Sunday.,COMMITMENT,academic_student,hard,True,False,True,conversational,chat,"Conversational or idiomatic commitment expressing clear, affirmative undertaking by speaker."
hard_train_0238,I am not going to share unverified benchmarks with the customer.,NON_COMMITMENT,sales_client,hard,False,False,True,conversational,slack,"Direct negation, refusal, or statement disclaiming commitment or responsibility."
hard_train_0239,I'll write and send the newsletter recap to our subscriber list by Friday 10 AM.,COMMITMENT,operations,medium,True,False,True,professional,email,Direct explicit first-person commitment with concrete deliverable and timeframe.
hard_train_0240,I saw your message about the customer escalations. I'll take full ownership of resolving them before end of day.,COMMITMENT,operations,hard,True,False,True,conversational,chat,"Multi-sentence conversational message concluding with a clear, direct commitment to act."
hard_train_0241,"Assuming the customer confirms the appointment, I will conduct the onboarding call tomorrow at 11 AM.",COMMITMENT,sales_client,medium,True,True,True,professional,email,"Conditional commitment triggered upon condition fulfillment, promising concrete action."
hard_train_0242,"Once Arjun approves the database schema changes, I'll run the migration script immediately.",COMMITMENT,engineering,medium,False,True,True,professional,slack,"Conditional commitment triggered upon condition fulfillment, promising concrete action."
hard_train_0243,I refuse to work through the weekend to finish these marketing banners.,NON_COMMITMENT,operations,hard,True,False,True,conversational,chat,"Direct negation, refusal, or statement disclaiming commitment or responsibility."
hard_train_0244,Could you please send the zoom link for our meeting tomorrow morning?,NON_COMMITMENT,personal_errands,hard,True,False,False,conversational,chat,Directive or imperative requesting action from others; not a speaker commitment.
hard_train_0245,Could you let me know when the revised contract draft is ready?,NON_COMMITMENT,sales_client,hard,False,False,True,conversational,chat,"Interrogative utterance asking a question, not an affirmative undertaking by the speaker."
hard_train_0246,Will you send me the tracking link when the package arrives?,NON_COMMITMENT,personal_errands,hard,False,True,True,conversational,chat,"Interrogative utterance asking a question, not an affirmative undertaking by the speaker."
hard_train_0247,Will you be able to push the hotfix before tonight's deployment?,NON_COMMITMENT,engineering,hard,True,False,True,conversational,chat,"Interrogative utterance asking a question, not an affirmative undertaking by the speaker."
hard_train_0248,The recruiter told me the hiring manager would review my resume tomorrow.,NON_COMMITMENT,personal_errands,hard,True,False,True,conversational,email,Third-party hearsay or report describing past/external actions rather than an active commitment.
hard_train_0249,"If you send me the hotel booking confirmation, I'll arrange the airport pickup tonight.",COMMITMENT,personal_errands,medium,True,True,True,professional,chat,"Conditional commitment triggered upon condition fulfillment, promising concrete action."
hard_train_0250,"Don't worry about the slides, I'll polish them up tonight before the demo.",COMMITMENT,executive,hard,True,False,True,conversational,chat,"Conversational or idiomatic commitment expressing clear, affirmative undertaking by speaker."
hard_train_0251,I'll email the client meeting notes and action items within two hours after the call.,COMMITMENT,sales_client,medium,True,False,True,professional,email,Direct explicit first-person commitment with concrete deliverable and timeframe.
hard_train_0252,"Rest assured, I'll make sure the release notes go out before the client sync.",COMMITMENT,project,hard,True,False,True,conversational,slack,"Conversational or idiomatic commitment expressing clear, affirmative undertaking by speaker."
hard_train_0253,We will deploy the updated privacy policy across all web properties before the deadline.,COMMITMENT,operations,medium,False,False,True,professional,ticket,Team-level firm undertaking binding group or department to concrete deliverable.
hard_train_0254,Remember to submit your self-evaluation form before Friday 5 PM.,NON_COMMITMENT,operations,hard,True,False,False,conversational,slack,Directive or imperative requesting action from others; not a speaker commitment.
hard_train_0255,"Assuming Arjun finishes the PR review by 4 PM, I will merge it and tag the release.",COMMITMENT,engineering,medium,True,True,True,professional,slack,"Conditional commitment triggered upon condition fulfillment, promising concrete action."
hard_train_0256,Standard operating procedure requires submitting all expense receipts within 48 hours.,NON_COMMITMENT,operations,hard,True,False,False,professional,ticket,"General descriptive statement explaining routine, policy, or recurring schedule."
hard_train_0257,Send the revised presentation slides to the marketing director.,NON_COMMITMENT,executive,hard,False,False,False,conversational,chat,Directive or imperative requesting action from others; not a speaker commitment.
hard_train_0258,Good catch on the broken styling. I'll fix the CSS layout and push the PR within the next hour.,COMMITMENT,engineering,hard,True,False,True,conversational,slack,"Multi-sentence conversational message concluding with a clear, direct commitment to act."
hard_train_0259,Consider the slide deck finished; I'm wrapping up the final charts right now.,COMMITMENT,executive,hard,False,False,True,conversational,chat,"Conversational or idiomatic commitment expressing clear, affirmative undertaking by speaker."
hard_train_0260,I'll review the Master Services Agreement redlines and reply to your counsel by tomorrow EOD.,COMMITMENT,sales_client,medium,True,False,True,professional,email,"Formal executive, sales, or SLA commitment binding the speaker or organization."
hard_train_0261,The newsletter stated that the conference registration closes tomorrow.,NON_COMMITMENT,academic_student,hard,True,False,False,conversational,email,Third-party hearsay or report describing past/external actions rather than an active commitment.
hard_train_0262,Why haven't we received the sprint metrics report from the data team?,NON_COMMITMENT,project,hard,False,False,False,conversational,meeting_transcript,"Interrogative utterance asking a question, not an affirmative undertaking by the speaker."
hard_train_0263,I'll see if I have bandwidth to help with the invoice breakdown tomorrow.,NON_COMMITMENT,operations,hard,True,False,True,conversational,chat,Speculative or tentative statement lacking definitive commitment to act.
hard_train_0264,Maybe we can wrap up the user research synthesis before next sprint.,NON_COMMITMENT,project,hard,False,False,False,conversational,slack,Speculative or tentative statement lacking definitive commitment to act.
hard_train_0265,Can we schedule the architecture review for Wednesday noon?,NON_COMMITMENT,engineering,hard,True,False,False,conversational,email,"Interrogative utterance asking a question, not an affirmative undertaking by the speaker."
hard_train_0266,"As soon as the design system tokens are published, I will update our component library.",COMMITMENT,engineering,medium,False,True,True,professional,slack,"Conditional commitment triggered upon condition fulfillment, promising concrete action."
hard_train_0267,Please double-check the figures in the slide deck before the board meeting.,NON_COMMITMENT,executive,hard,False,False,False,conversational,email,Directive or imperative requesting action from others; not a speaker commitment.
hard_train_0268,I'll prepare the dataset charts and slides for our group presentation on Wednesday.,COMMITMENT,academic_student,medium,True,False,True,academic,chat,Student or academic milestone commitment with concrete deliverable.
hard_train_0269,Did the QA team finish running the regression tests for the build?,NON_COMMITMENT,engineering,hard,False,False,True,conversational,slack,"Interrogative utterance asking a question, not an affirmative undertaking by the speaker."
hard_train_0270,I'll send the countersigned partnership agreement to your legal counsel before EOD today.,COMMITMENT,executive,medium,True,False,True,professional,email,"Formal executive, sales, or SLA commitment binding the speaker or organization."
hard_train_0271,I'll guarantee that the data export is delivered to compliance before Friday noon.,COMMITMENT,operations,hard,True,False,True,conversational,email,"Conversational or idiomatic commitment expressing clear, affirmative undertaking by speaker."
hard_train_0272,I agree that we need better logging. I will add structured log tracing to the checkout service before Friday.,COMMITMENT,engineering,hard,True,False,True,conversational,slack,"Multi-sentence conversational message concluding with a clear, direct commitment to act."
hard_train_0273,It's up in the air whether I'll be able to send the proposal tomorrow.,NON_COMMITMENT,sales_client,hard,True,False,True,conversational,slack,Speculative or tentative statement lacking definitive commitment to act.
hard_train_0274,It is conceivable that I could deliver a rough sketch before the meeting.,NON_COMMITMENT,project,hard,False,False,True,conversational,chat,Speculative or tentative statement lacking definitive commitment to act.
hard_train_0275,I may look at the API endpoints later tonight if I don't get too tired.,NON_COMMITMENT,engineering,hard,True,True,True,conversational,chat,Speculative or tentative statement lacking definitive commitment to act.
hard_train_0276,Kavya mentioned that she saw Arjun working on the database scripts.,NON_COMMITMENT,engineering,hard,False,False,True,conversational,chat,Third-party hearsay or report describing past/external actions rather than an active commitment.
hard_train_0277,"David claimed he would complete the security review, though nobody verified it.",NON_COMMITMENT,engineering,hard,False,False,True,conversational,ticket,Third-party hearsay or report describing past/external actions rather than an active commitment.
hard_train_0278,I am thinking about reviewing the architecture document later tonight.,NON_COMMITMENT,engineering,hard,True,False,True,conversational,chat,Speculative or tentative statement lacking definitive commitment to act.
hard_train_0279,Remember to turn off the test instances after completing the benchmark.,NON_COMMITMENT,engineering,hard,False,True,False,conversational,slack,Directive or imperative requesting action from others; not a speaker commitment.
hard_train_0280,"According to the support lead, the customer agreed to test the workaround.",NON_COMMITMENT,operations,hard,False,False,True,conversational,ticket,Third-party hearsay or report describing past/external actions rather than an active commitment.
hard_train_0281,I am not going to write the unit tests for their legacy service.,NON_COMMITMENT,engineering,hard,False,False,True,conversational,slack,"Direct negation, refusal, or statement disclaiming commitment or responsibility."
hard_train_0282,"Once we receive the hardware samples, I will benchmark the sensor latency by Friday.",COMMITMENT,engineering,medium,True,True,True,professional,ticket,"Conditional commitment triggered upon condition fulfillment, promising concrete action."
hard_train_0283,Could you please confirm receipt of the invoice breakdown?,NON_COMMITMENT,operations,hard,False,False,True,conversational,email,"Interrogative utterance asking a question, not an affirmative undertaking by the speaker."
hard_train_0284,"If the professor approves our thesis topic, I will draft the project abstract before Monday.",COMMITMENT,academic_student,medium,True,True,True,professional,chat,"Conditional commitment triggered upon condition fulfillment, promising concrete action."
hard_train_0285,Consider it handled; I will email the revised timeline to the client before 5 PM.,COMMITMENT,sales_client,hard,True,False,True,conversational,email,"Conversational or idiomatic commitment expressing clear, affirmative undertaking by speaker."
hard_train_0286,I saw that Arjun is out sick today. I will step in to cover his deployment duties tonight.,COMMITMENT,engineering,hard,True,False,True,conversational,chat,"Multi-sentence conversational message concluding with a clear, direct commitment to act."
hard_train_0287,Please look into why the automated tests failed on the develop branch.,NON_COMMITMENT,engineering,hard,False,False,False,conversational,slack,Directive or imperative requesting action from others; not a speaker commitment.
hard_train_0288,I think I'll probably get around to reviewing the PR sometime next week.,NON_COMMITMENT,engineering,hard,True,False,True,conversational,slack,Speculative or tentative statement lacking definitive commitment to act.
hard_train_0289,"I'm hoping to finish the slide deck before Monday, though I have back-to-back meetings.",NON_COMMITMENT,executive,hard,True,False,True,conversational,email,Speculative or tentative statement lacking definitive commitment to act.
hard_train_0290,We didn't promise to deliver thirty feature points this sprint.,NON_COMMITMENT,project,hard,False,False,False,conversational,meeting_transcript,"Direct negation, refusal, or statement disclaiming commitment or responsibility."
hard_train_0291,We might consider revisiting the database indexing strategy next quarter.,NON_COMMITMENT,engineering,hard,False,False,False,conversational,meeting_transcript,Speculative or tentative statement lacking definitive commitment to act.
hard_train_0292,Don't forget to buy groceries on your way back from work tonight.,NON_COMMITMENT,personal_errands,hard,True,False,False,conversational,chat,Directive or imperative requesting action from others; not a speaker commitment.
hard_train_0293,"If the client signs the order form today, I will trigger onboarding before 5 PM.",COMMITMENT,sales_client,medium,True,True,True,professional,email,"Conditional commitment triggered upon condition fulfillment, promising concrete action."
hard_train_0294,Thanks for flagging the issue. I am looking into the payment gateway error right now and will deploy a hotfix before 6 PM.,COMMITMENT,engineering,hard,True,False,True,conversational,slack,"Multi-sentence conversational message concluding with a clear, direct commitment to act."
hard_train_0295,Under no circumstances will I approve this pull request before the linter passes.,NON_COMMITMENT,engineering,hard,False,True,True,conversational,ticket,"Direct negation, refusal, or statement disclaiming commitment or responsibility."
hard_train_0296,I am not responsible for preparing the meeting minutes for today's sync.,NON_COMMITMENT,operations,hard,True,False,True,conversational,chat,"Direct negation, refusal, or statement disclaiming commitment or responsibility."
hard_train_0297,Thanks for the feedback on chapter three. I'll incorporate your suggestions and share the revised draft by Sunday.,COMMITMENT,academic_student,hard,True,False,True,conversational,chat,"Multi-sentence conversational message concluding with a clear, direct commitment to act."
hard_train_0298,We always conduct postmortems following severe production outages.,NON_COMMITMENT,engineering,hard,False,False,False,professional,ticket,"General descriptive statement explaining routine, policy, or recurring schedule."
hard_train_0299,"As soon as the build pipeline goes green, I will merge and deploy the staging artifacts.",COMMITMENT,engineering,medium,False,True,True,professional,slack,"Conditional commitment triggered upon condition fulfillment, promising concrete action."
hard_train_0300,Thanks for sending the lecture notes. I will compile our group study guide and share it before Saturday morning.,COMMITMENT,academic_student,hard,True,False,True,conversational,chat,"Multi-sentence conversational message concluding with a clear, direct commitment to act."
hard_train_0301,Leave the quarterly OKR alignment deck with me; I'll finish it tonight.,COMMITMENT,executive,hard,True,False,True,conversational,chat,"Conversational or idiomatic commitment expressing clear, affirmative undertaking by speaker."
hard_train_0302,The account executive said the prospect would sign before month-end.,NON_COMMITMENT,sales_client,hard,True,False,True,conversational,meeting_transcript,Third-party hearsay or report describing past/external actions rather than an active commitment.
hard_train_0303,I cannot commit to delivering the pitch deck before Monday morning.,NON_COMMITMENT,executive,hard,True,False,True,conversational,email,"Direct negation, refusal, or statement disclaiming commitment or responsibility."
hard_train_0304,We are committed to delivering the core MVP features before the investor demo.,COMMITMENT,executive,medium,False,True,True,professional,meeting_transcript,Team-level firm undertaking binding group or department to concrete deliverable.
hard_train_0305,"I've got the presentation covered, will share the link before our morning call.",COMMITMENT,project,hard,True,False,True,conversational,slack,"Conversational or idiomatic commitment expressing clear, affirmative undertaking by speaker."
hard_train_0306,Please make sure you submit the quarterly tax documents before 5 PM.,NON_COMMITMENT,operations,hard,True,False,False,conversational,email,Directive or imperative requesting action from others; not a speaker commitment.
hard_train_0307,I will personally supervise the production database cutover tomorrow night at 11 PM.,COMMITMENT,engineering,medium,True,False,True,professional,meeting_transcript,Direct explicit first-person commitment with concrete deliverable and timeframe.
hard_train_0308,Can someone from your squad submit the security audit responses by 3 PM?,NON_COMMITMENT,engineering,hard,True,False,False,conversational,slack,"Interrogative utterance asking a question, not an affirmative undertaking by the speaker."
hard_train_0309,I'll make sure the PR gets reviewed and approved before the build starts tonight.,COMMITMENT,engineering,hard,True,False,True,conversational,slack,"Conversational or idiomatic commitment expressing clear, affirmative undertaking by speaker."
hard_train_0310,I'll take care of drafting the incident postmortem by Friday afternoon.,COMMITMENT,engineering,hard,True,False,True,conversational,ticket,"Conversational or idiomatic commitment expressing clear, affirmative undertaking by speaker."
hard_train_0311,I guarantee our team will deliver the custom analytics integration before the contract milestone.,COMMITMENT,sales_client,medium,False,False,True,professional,email,"Formal executive, sales, or SLA commitment binding the speaker or organization."
hard_train_0312,I'm going to clean up the experimental data spreadsheet before our team sync tomorrow.,COMMITMENT,academic_student,medium,True,False,True,academic,chat,Student or academic milestone commitment with concrete deliverable.
hard_train_0313,We won't deploy to production on a Friday afternoon under any circumstances.,NON_COMMITMENT,engineering,hard,True,False,False,conversational,slack,"Direct negation, refusal, or statement disclaiming commitment or responsibility."
hard_train_0314,Drop off the signed lease agreement at the property office today.,NON_COMMITMENT,personal_errands,hard,True,False,False,conversational,chat,Directive or imperative requesting action from others; not a speaker commitment.
hard_train_0315,Our squad will resolve all blocker issues on the checkout page before the flash sale.,COMMITMENT,engineering,medium,False,True,True,professional,ticket,Team-level firm undertaking binding group or department to concrete deliverable.
hard_train_0316,I see what went wrong with the billing calculation. I will write a patch and deploy it to production before midnight.,COMMITMENT,engineering,hard,True,False,True,conversational,ticket,"Multi-sentence conversational message concluding with a clear, direct commitment to act."
hard_train_0317,The university portal locks course registration at midnight on Sunday.,NON_COMMITMENT,academic_student,hard,True,False,False,professional,email,"General descriptive statement explaining routine, policy, or recurring schedule."
hard_train_0318,I am going to proofread our group submission before the turnitin deadline at midnight.,COMMITMENT,academic_student,medium,True,False,True,academic,chat,Student or academic milestone commitment with concrete deliverable.
hard_train_0319,I hear your frustration regarding the invoice delay. I will personally escalate this to accounting before noon.,COMMITMENT,sales_client,hard,True,False,True,conversational,chat,"Multi-sentence conversational message concluding with a clear, direct commitment to act."
hard_train_0320,I'll prepare the executive summary for the quarterly board review before Thursday morning.,COMMITMENT,executive,medium,True,False,True,professional,chat,Direct explicit first-person commitment with concrete deliverable and timeframe.
